video_path,label
./train/KabnUV5luJ8.mp4,1
./train/iGiwNf_bor4.mp4,1
./train/6aSoP0mDM0g.mp4,1
./train/H_RFyF-tgZ4.mp4,1
./train/E_hjqpXgUO0.mp4,1
./train/pQuS5Pmrtnk.mp4,1
./train/PrVlPEVKLsQ.mp4,1
./train/4ZNrgoL7j38.mp4,1
./train/rw7ACJ4X-TM.mp4,1
./train/A75E10uGgW8.mp4,1
./train/7dGn0uujYBI.mp4,1
./train/QHZVheS0Rjo.mp4,1
./train/OBpsb96Kk9Y.mp4,1
./train/Y71PjnKmB8Y.mp4,1
./train/Zs1L4pg0p8E.mp4,1
./train/kV_SMlFog14.mp4,1
./train/r855UarP6B8.mp4,1
./train/67xDDDWU62I.mp4,1
./train/-Qlp7Ui6nqY.mp4,1
./train/W5tTnbWEaEE.mp4,1
./train/uFakgnXcnI4.mp4,1
./train/OcN73QSxAis.mp4,1
./train/GId5cPWykpE.mp4,1
./train/msLNnMYGHuk.mp4,1
./train/8WeSEjfdxl0.mp4,1
./train/Jpiv4nke3qo.mp4,1
./train/OVcDuWKVVOM.mp4,1
./train/2aPDRD1PlaM.mp4,1
./train/7O1ROHb7agc.mp4,1
./train/K8AdS3qfMrc.mp4,1
./train/hDLSpo-0mvo.mp4,1
./train/jpBJrxh2U1c.mp4,1
./train/LiyxmHTl3vs.mp4,1
./train/hRzzcLvsG8o.mp4,1
./train/IRt8iC_bayQ.mp4,1
./train/j4MvbUFAOwQ.mp4,1
./train/ShLo6IJcvuM.mp4,1
./train/tVX2NoWjWGg.mp4,1
./train/R8mrzjrFScQ.mp4,1
./train/4opOB1qzxIs.mp4,1
./train/4etqiIEvjgE.mp4,1
./train/CqDg1zcb4ug.mp4,1
./train/Bh3ii6JbVeQ.mp4,1
./train/q2VEqvfz1y8.mp4,1
./train/Pun_htw1Afc.mp4,1
./train/7UjLaN6HmVQ.mp4,1
./train/WZmHM935Op4.mp4,1
./train/OqubLQdv8og.mp4,1
./train/uCi1S7mUVwc.mp4,1
./train/CvDyJcAIGXQ.mp4,1
./train/9a2u8q0bUEc.mp4,1
./train/Nh_TeOWhNI8.mp4,1
./train/bpAmDLMeVHg.mp4,1
./train/tag7v4Kq0oE.mp4,1
./train/1Ht5M0T6QgI.mp4,1
./train/1dR9bUdd6sI.mp4,1
./train/DrueeMVpLdg.mp4,1
./train/6H4JdyncrHw.mp4,1
./train/honVi2_nTcU.mp4,1
./train/PC01it22hAE.mp4,1
./train/bRmFnVxstYg.mp4,1
./train/e4AbAHj6G8k.mp4,1
./train/eLHKDjxUVpU.mp4,1
./train/EPN2tlJ1eYs.mp4,1
./train/HiAjm7YfdPs.mp4,1
./train/Zk5L3Dh86O4.mp4,1
./train/EDbNMkJsA5c.mp4,1
./train/BXTTfPCqz60.mp4,1
./train/cSwdDYdpCBg.mp4,1
./train/PMQr39lLRvo.mp4,1
./train/qCsmpSO3MGo.mp4,1
./train/MFCtF1rt6m4.mp4,1
./train/1oNguS6b6LE.mp4,1
./train/toyMWF5-byA.mp4,1
./train/cF5vu3oxh28.mp4,1
./train/ofDiMuo7g9M.mp4,1
./train/dlbvkEKdlas.mp4,1
./train/2t5pRDCW518.mp4,1
./train/1Z8OzWRDSqE.mp4,1
./train/9Hwv4wsDgTc.mp4,1
./train/UM4yBd7zMcY.mp4,1
./train/ZtmTGxwV4CM.mp4,1
./train/2j3p_aDMTNg.mp4,1
./train/gibl0254N5I.mp4,1
./train/POnobH-zELU.mp4,1
./train/Ulsh_Meyl6A.mp4,1
./train/cHCRhcTJpEo.mp4,1
./train/by11c8iEXQc.mp4,1
./train/KW1raE65V10.mp4,1
./train/sD-aCBWI4ng.mp4,1
./train/1j79qSxKy2Y.mp4,1
./train/Z0ru-0li52k.mp4,1
./train/LVCckSA0cj8.mp4,1
./train/S7ZO3xcnoOg.mp4,1
./train/s6IBRqUODXA.mp4,1
./train/KeKime5l-ww.mp4,1
./train/HXK-Isx_Pbk.mp4,1
./train/6dyAYo1ecbY.mp4,1
./train/y5vMRncFqMo.mp4,1
./train/L0ZVBJrXiXM.mp4,1
./train/vHW59tFsh4M.mp4,1
./train/dzAXW1wE1Mo.mp4,1
./train/ytPWociPIxM.mp4,1
./train/CKRm5ClW858.mp4,1
./train/14NgEzOAcHI.mp4,1
./train/ythhr1-0-5Q.mp4,1
./train/PEYy1lHjjp4.mp4,1
./train/0G8QE0_9w1I.mp4,1
./train/WG7ZvcbQA1M.mp4,1
./train/7eIR9hWVDdI.mp4,1
./train/WC_yi2A1Zb4.mp4,1
./train/ErOkdNTDyuM.mp4,1
./train/nCm9zU78YgM.mp4,1
./train/YxK7v3SuQwc.mp4,1
./train/UQmgKIWFnHc.mp4,1
./train/LU7Aua-i1kk.mp4,1
./train/j42pfPRGqFA.mp4,1
./train/7zPOfIV9AKw.mp4,1
./train/gE45k-WhIvI.mp4,1
./train/oglHnyiPMQI.mp4,1
./train/UqLVjpxwzuc.mp4,1
./train/fq1e95hUbmg.mp4,1
./train/jxVyR_Rlyrg.mp4,1
./train/-m37IeeWhTk.mp4,1
./train/WIEdwJL82fA.mp4,1
./train/z7sUxKYBGzw.mp4,1
./train/N7acIshLJkQ.mp4,1
./train/bb1EFmt3ssg.mp4,1
./train/3tQz5788E2o.mp4,1
./train/ayqXlM3P2Hw.mp4,1
./train/PTdmxV5W5wQ.mp4,1
./train/_9FFQNY29Bc.mp4,1
./train/0MFyfrbU7fg.mp4,1
./train/eo0ZVKpdc_A.mp4,1
./train/mKOTSIp54B0.mp4,1
./train/t_27ZxBwJqM.mp4,1
./train/Kyf1p-90wl4.mp4,1
./train/3gTftQlJ2kk.mp4,1
./train/D2DepIqvcR4.mp4,1
./train/OogfWlSFlqU.mp4,1
./train/DwtyC6Lw0AQ.mp4,1
./train/zdV1d7XqvjU.mp4,1
./train/CY8lsFHqfjU.mp4,1
./train/GvvYfM5SUjs.mp4,1
./train/69hLxmWxQJk.mp4,1
./train/n7fWkSKzYtE.mp4,1
./train/syyvpSwbOMQ.mp4,1
./train/UmMDHQkHbhY.mp4,1
./train/azEIL1ElfdE.mp4,1
./train/2aFTuqyUM58.mp4,1
./train/s6XELrVWKIQ.mp4,1
./train/sWpgkfndDfo.mp4,1
./train/Tl9ZS7cECBc.mp4,1
./train/AjVjQeeQ1Z8.mp4,1
./train/jJCnNRR-Cjc.mp4,1
./train/GDtyMWZ95so.mp4,1
./train/yJdKqxsrhms.mp4,1
./train/SshJaAtLbMk.mp4,1
./train/p-89mGr7KkU.mp4,1
./train/N15Q6AvS-GU.mp4,1
./train/-0GUYyiuNbE.mp4,1
./train/0CmYcqLF51k.mp4,1
./train/DYOg_NjenAs.mp4,1
./train/cnzV6ct8nAg.mp4,1
./train/9oL9EL3F2lw.mp4,1
./train/J57N_OF3GAQ.mp4,1
./train/PNXrVXV2eUc.mp4,1
./train/z2oUOyuYzQo.mp4,1
./train/nCQ5cEXtffs.mp4,1
./train/z5dHaoRTVtI.mp4,1
./train/8HL0TlpmITU.mp4,1
./train/xcXifvHtYVI.mp4,1
./train/pj_swzf8WvQ.mp4,1
./train/15D8oe-NNdQ.mp4,1
./train/aJ5dqU5E_v4.mp4,1
./train/UkPy5ZGvE0k.mp4,1
./train/Hv8Q5PkQpn0.mp4,1
./train/NHNCn2oTRjc.mp4,1
./train/aCPbDf6GERk.mp4,1
./train/3wPZMq1yTJU.mp4,1
./train/s0KABnZk1TE.mp4,1
./train/j5_GAzDu4G8.mp4,1
./train/t10i_sgMNY4.mp4,1
./train/Ha_Fsc3h3w4.mp4,1
./train/9qoP3beMiKc.mp4,1
./train/iBP88JoFKA4.mp4,1
./train/B1gcvVu03rg.mp4,1
./train/cRx3MJ60VfQ.mp4,1
./train/etASdSNM4_w.mp4,1
./train/Z_bk24JAiZQ.mp4,1
./train/iQ9ibixIUuI.mp4,1
./train/I_YqbjdCC1Y.mp4,1
./train/ptR-RKnGjR0.mp4,1
./train/9NbO8pump7c.mp4,1
./train/pF6N-bLaXTE.mp4,1
./train/HejkyFmc6BQ.mp4,1
./train/w9UI5ItC2vI.mp4,1
./train/4dZcRG1Nu8g.mp4,1
./train/lAMVNiL0QJE.mp4,1
./train/35WL5ELAgT8.mp4,1
./train/XmsDnOmbs8Y.mp4,1
./train/zK03_7ywHjQ.mp4,1
./train/0-Bm8kKL7Qs.mp4,1
./train/55e-28L71ns.mp4,1
./train/Iz71BtYPC1U.mp4,1
./train/yKOKZsb5guo.mp4,1
./train/O5QOcIlgQNQ.mp4,1
./train/5zP1ZRYBvgs.mp4,1
./train/Lr8krR5RR8E.mp4,1
./train/i9JYtsHuJO0.mp4,1
./train/xgqyw993vG0.mp4,1
./train/EFkFuijFAJY.mp4,1
./train/ZZVBHCgscpw.mp4,1
./train/z2-0_k-5O8M.mp4,1
./train/3DHh9HRmMX4.mp4,1
./train/Wm2bRgtRRiM.mp4,1
./train/H4GV-z38GHU.mp4,1
./train/SKyIKcQ8ld0.mp4,1
./train/ops5ka1kCyQ.mp4,1
./train/WsDjn4k6S4Y.mp4,1
./train/rODMC0PoXKQ.mp4,1
./train/ImzLvOct5ZI.mp4,1
./train/KN44OcdNCVE.mp4,1
./train/so2gmNmnbOk.mp4,1
./train/NHWDNuEndUg.mp4,1
./train/Zfk8mcRECiM.mp4,1
./train/RjrT4HIg-Xo.mp4,1
./train/H4-7jiUFc6g.mp4,1
./train/848oTyWj03s.mp4,1
./train/Ct1VGA617LU.mp4,1
./train/9XNoDogOD74.mp4,1
./train/CGAJ4wkDG68.mp4,1
./train/9MSE7eMh5wg.mp4,1
./train/YxZIVO1Fw6I.mp4,1
./train/8bQhKasAaBA.mp4,1
./train/A4N7wU3uXek.mp4,1
./train/83Axz7myLzc.mp4,1
./train/kKB0sYCeoyo.mp4,1
./train/-JCchP7fiPg.mp4,1
./train/o8O_5vTkcEM.mp4,1
./train/OxuWkx9iqhg.mp4,1
./train/J0xQtVwdqn8.mp4,1
./train/DKfprXoud-g.mp4,1
./train/82u9Z7bJiEI.mp4,1
./train/jQFuPvMZNto.mp4,1
./train/5qUPXw95V9A.mp4,1
./train/RNUTMIQ1pF4.mp4,1
./train/qYtBkcYjO8Q.mp4,1
./train/BgpgAS-uido.mp4,1
./train/RM9gnc7PCLQ.mp4,1
./train/6jphMh3Gbjw.mp4,1
./train/XPfskHfdOlw.mp4,1
./train/itEUMWOX7xQ.mp4,1
./train/3qXGCo0YAJg.mp4,1
./train/hhKRVeSPP5U.mp4,1
./train/2xvv9y-a9VM.mp4,1
./train/ksJX0sc51bE.mp4,1
./train/4Nh0_Hs5-Vg.mp4,1
./train/PGiaLV-erO8.mp4,1
./train/0WFfb1PEewI.mp4,1
./train/fKK95hKvjTA.mp4,1
./train/5TU-Ojy_oeI.mp4,1
./train/6SLengovjLc.mp4,1
./train/G1Qjah7C7Qs.mp4,1
./train/qdk5dBcKfh4.mp4,1
./train/-5t5xJ5-Syk.mp4,1
./train/FdV5lTtx5C8.mp4,1
./train/eELiEU2YRQU.mp4,1
./train/ZRejC5N3wCU.mp4,1
./train/rTroOOO4Fv4.mp4,1
./train/IGRKv0Ybf78.mp4,1
./train/eMX3AhydoGk.mp4,1
./train/NiBtsoZ-Teg.mp4,1
./train/XD-ogqzDcVk.mp4,1
./train/z2qwW67jiLI.mp4,1
./train/Ntb08RYuVco.mp4,1
./train/7tE7jHXC3c8.mp4,1
./train/h32UF5Z0OEA.mp4,1
./train/UF8txXCjAjs.mp4,1
./train/StNUa-kPYis.mp4,1
./train/qdX6yTMB19M.mp4,1
./train/HAp6Yk5Pn9Q.mp4,1
./train/Z9mXhp7jcYY.mp4,1
./train/wh64IzxcqkE.mp4,1
./train/I0QOCxTc2lA.mp4,1
./train/oL9icis5Ico.mp4,1
./train/53TwndBYxE0.mp4,1
./train/S56_JS4yV3c.mp4,1
./train/KsjgGCnsKts.mp4,1
./train/2ivJDnHVCtc.mp4,1
./train/hlHSTU0iA7k.mp4,1
./train/YZCQ-utM3lg.mp4,1
./train/znZwALsdnTA.mp4,1
./train/aUGigYuOGNg.mp4,1
./train/aa73uW1raw8.mp4,1
./train/l-Kpn-3clqw.mp4,1
./train/TroO2kImZ7A.mp4,1
./train/nzIC52_L8XM.mp4,1
./train/B68GxCrs5rI.mp4,1
./train/OF2Hrq2aK5k.mp4,1
./train/UkjmTzUZbdQ.mp4,1
./train/jxxzi4es0Ko.mp4,1
./train/MQ8DQgAwXew.mp4,1
./train/NIAnOmqK2k0.mp4,0
./train/KDiUF9FG70Y.mp4,0
./train/QXYzsFfvpLg.mp4,0
./train/PNKWjqW8kvI.mp4,0
./train/iKKRU3ALjb0.mp4,0
./train/N-fELwFvM64.mp4,0
./train/r94vuvwUSkY.mp4,0
./train/RuulBCGVU3M.mp4,0
./train/EFzi4AqU28I.mp4,0
./train/jHLcR_CSlsE.mp4,0
./train/RL3q9VVxLmY.mp4,0
./train/n6UBgUWP_Eo.mp4,0
./train/G4R6dRKqkk8.mp4,0
./train/w0L-0bCNIg0.mp4,0
./train/ito9uuQ8xJE.mp4,0
./train/etiGAtbJY-Q.mp4,0
./train/GlCWL3Hw6hA.mp4,0
./train/PlJsnrOkyBA.mp4,0
./train/iSBpvh4y_lU.mp4,0
./train/1jvTXgyQon4.mp4,0
./train/upJSHnpWEm8.mp4,0
./train/LbDfEDuJ5tc.mp4,0
./train/0CpznVak0OU.mp4,0
./train/wzHij1yPxKw.mp4,0
./train/vYrNf0GHz00.mp4,0
./train/Zz5pN4auNC8.mp4,0
./train/mfYjU_MEb5o.mp4,0
./train/CaZOsohBzpw.mp4,0
./train/-S7fktM8ygc.mp4,0
./train/cm9YBvDX7ME.mp4,0
./train/oO__jR7uGLs.mp4,0
./train/p5Ba_c-yc_0.mp4,0
./train/7KHtCb6SdCw.mp4,0
./train/UyJ8EeOGO4U.mp4,0
./train/auoXiuWJeds.mp4,0
./train/JatoWNAQC0Y.mp4,0
./train/ukc9jO3CtG8.mp4,0
./train/IEaupOx0spw.mp4,0
./train/71sZWLPj51E.mp4,0
./train/LsCUUiEoQd0.mp4,0
./train/lzeZuTGf6bI.mp4,0
./train/laYzJkkvzlk.mp4,0
./train/N_YwmyTVDf0.mp4,0
./train/fHnrCumc__o.mp4,0
./train/1lycLtcSIAw.mp4,0
./train/ULw52e7joTE.mp4,0
./train/qJabm5GuLgM.mp4,0
./train/UFUW7gCOnnk.mp4,0
./train/Bl_HCDqb2L8.mp4,0
./train/1qska9APRyo.mp4,0
./train/DU-4HgLCvrI.mp4,0
./train/sIED0GYQd9A.mp4,0
./train/65orJe9vT5w.mp4,0
./train/jGvh9KvfIfo.mp4,0
./train/3c1cLJPUC88.mp4,0
./train/9FW8HBOFlew.mp4,0
./train/84b97qSl0po.mp4,0
./train/GgtPkQtEb_k.mp4,0
./train/YgXrbSA1Hus.mp4,0
./train/akaUS6bDNG0.mp4,0
./train/XnEbAzcgQI4.mp4,0
./train/HXjwPQJC9Lg.mp4,0
./train/l5yVXu3NP4Y.mp4,0
./train/yNq2ohzHYkE.mp4,0
./train/AcpjvVFAayo.mp4,0
./train/tcJUZxaLG3I.mp4,0
./train/TByQKicNkx0.mp4,0
./train/-yEJnYJ5Mh8.mp4,0
./train/qklMbnbFNTc.mp4,0
./train/gZR1CvSQntE.mp4,0
./train/D86V3Sqynws.mp4,0
./train/Z8ONlWKOREQ.mp4,0
./train/XXy_wqhocrk.mp4,0
./train/fzSK2gAkdD8.mp4,0
./train/s5King9rvag.mp4,0
./train/zeKBv6nR3AY.mp4,0
./train/oswlVsA-E0c.mp4,0
./train/UfjDM91rBm8.mp4,0
./train/fRRRO0v4d-4.mp4,0
./train/iobxXfTeAGI.mp4,0
./train/cKo2f53M9xw.mp4,0
./train/F6B2vzAQ2Gs.mp4,0
./train/MS5UjNKw_1M.mp4,0
./train/myA8PkEEvQw.mp4,0
./train/SlypfrKDkPs.mp4,0
./train/GGRlnaBIeVc.mp4,0
./train/soBb4X5Hb6k.mp4,0
./train/dJUtlWmX-g0.mp4,0
./train/R6e4ruziZBI.mp4,0
./train/YPYapjMJuH4.mp4,0
./train/dknj-CwUMWQ.mp4,0
./train/-4sU_AhRPY0.mp4,0
./train/8vIMeyrj8SI.mp4,0
./train/uEaJZQBMsG0.mp4,0
./train/-q0hDzzmBnE.mp4,0
./train/4EJE6zhE4SY.mp4,0
./train/0YKJ21BFn1g.mp4,0
./train/iL76UX09gJY.mp4,0
./train/ErEZxdQom0s.mp4,0
./train/ud14HRejV1E.mp4,0
./train/Mj8l9YurraU.mp4,0
./train/Acjf66Qdj2U.mp4,0
./train/67NviOAjZNY.mp4,0
./train/Dq1APy0F-Vw.mp4,0
./train/2the5Q0v6-A.mp4,0
./train/XMGSXXa8hD4.mp4,0
./train/pX2MT5PWRiA.mp4,0
./train/x3zgCVqqf3Q.mp4,0
./train/oRtFOa3RqYM.mp4,0
./train/xeIvDFVsDQQ.mp4,0
./train/xAwIAjAAn8E.mp4,0
./train/yK-e1Ywfx2I.mp4,0
./train/jDwlS5uVyDY.mp4,0
./train/LxxpcpbAqKs.mp4,0
./train/DjjhkX6X1ag.mp4,0
./train/SylQNXnUnLc.mp4,0
./train/HsbgFEO2pw0.mp4,0
./train/_BGEcgoyy0Q.mp4,0
./train/LEgOuF_SD4k.mp4,0
./train/9mhQsIn_UDM.mp4,0
./train/wzdnZ7ORwFY.mp4,0
./train/Lf3kPo8WYM4.mp4,0
./train/H1G4YkM9KoI.mp4,0
./train/pvuU69My2G4.mp4,0
./train/SqncztiSpio.mp4,0
./train/VVnuCsMP7fI.mp4,0
./train/lWtyYZb9iVc.mp4,0
./train/MPhZ4l7QePk.mp4,0
./train/UaVWRetR4jg.mp4,0
./train/Ed8IFzahCEM.mp4,0
./train/eTSSApFkmzA.mp4,0
./train/fONFSAKwmnQ.mp4,0
./train/fTwXS2H_iJo.mp4,0
./train/B_hCjP7YmKM.mp4,0
./train/V7nQiUl6Iqw.mp4,0
./train/Dc6aiskfJgU.mp4,0
./train/hiZEOlHUxmw.mp4,0
./train/eS5CaAkgkys.mp4,0
./train/UbX9kXMNtqI.mp4,0
./train/AmFoBhSWMAc.mp4,0
./train/08M8OIn_mIs.mp4,0
./train/SzXX9SxK858.mp4,0
./train/cL5y-lggdHI.mp4,0
./train/cBrtfUXq3m0.mp4,0
./train/EVLyFAfe500.mp4,0
./train/tRRI5_s0N5c.mp4,0
./train/b3gOvVD_Za4.mp4,0
./train/zsGwdhTFaJI.mp4,0
./train/DwnugGAPxa0.mp4,0
./train/zRAHJzuU12U.mp4,0
./train/BaVqK7FXF80.mp4,0
./train/xNZiHBf-bEw.mp4,0
./train/xOWiIR99J-Q.mp4,0
./train/S8oP5zcbRTw.mp4,0
./train/TbrE3YKJBwc.mp4,0
./train/xHC_qFPeXt0.mp4,0
./train/tBF0YllXKEk.mp4,0
./train/PCg_fw56rE4.mp4,0
./train/RC2tqSYy6CI.mp4,0
./train/zk5tGzJiMDo.mp4,0
./train/-6jXkOAQ4XY.mp4,0
./train/HIYA_A5hr1A.mp4,0
./train/PssB-GNRvDU.mp4,0
./train/trrUc_SOhcg.mp4,0
./train/oTdZaiSRwqI.mp4,0
./train/1MrTKuOOe54.mp4,0
./train/uoLwaUE8Nko.mp4,0
./train/fpVjjo-gUjM.mp4,0
./train/oZSdEf1iMMY.mp4,0
./train/VWeF1iy16h8.mp4,0
./train/5DLrIlUMXc4.mp4,0
./train/wKBeArVeemg.mp4,0
./train/hsV-wtwaWhg.mp4,0
./train/g999vkhe_-c.mp4,0
./train/KTo9s8qWK8o.mp4,0
./train/M5U04UjfdhM.mp4,0
./train/IUsAXHIDYtE.mp4,0
./train/Lq_laof-r6U.mp4,0
./train/nendAt9awIQ.mp4,0
./train/27vCPLE3E5I.mp4,0
./train/K0t2psUW8H8.mp4,0
./train/yqr6yLyuHQA.mp4,0
./train/CX4v7JacL9w.mp4,0
./train/_fcWn0XZSEo.mp4,0
./train/LfCAw2Tb8JE.mp4,0
./train/hm9ohmfZz3s.mp4,0
./train/-p6Z67mO2PM.mp4,0
./train/I8CmKtWlu6Q.mp4,0
./train/3ikc_9cANE4.mp4,0
./train/z4LK2IsBljc.mp4,0
./train/Lql9X4zmy7A.mp4,0
./train/G5Gb3hoM0ag.mp4,0
./train/xCQivPHRMM0.mp4,0
./train/3ZZNyZpPzoA.mp4,0
./train/LHV4bHdqir0.mp4,0
./train/EmnF-YaKbYU.mp4,0
./train/sJlzDiNPacw.mp4,0
./train/kOPHkWcbSho.mp4,0
./train/nQBdHREKDqE.mp4,0
./train/WVQrDJv-FJk.mp4,0
./train/vbMFE5x0SH8.mp4,0
./train/jieTlkwNKco.mp4,0
./train/wLegCFsOi_E.mp4,0
./train/sAyXNRQpVWc.mp4,0
./train/ZT6mvIYoPz0.mp4,0
./train/li8bfx6AQOo.mp4,0
./train/lqaUh3OMvvM.mp4,0
./train/hDuIovlDTGU.mp4,0
./train/pCZNz1h7ixM.mp4,0
./train/n3QKTLl3v1I.mp4,0
./train/dH1ZM8wbebE.mp4,0
./train/OyCtVFI-0RM.mp4,0
./train/tLv9IqcoNe8.mp4,0
./train/R1zSgmYnxUI.mp4,0
./train/LwsKBrCvZ_w.mp4,0
./train/sTtoTavX5a4.mp4,0
./train/eYxYCF4DDoU.mp4,0
./train/IWc5yFHyF_A.mp4,0
./train/8JlGiBBY-wk.mp4,0
./train/dDuJnlWjymw.mp4,0
./train/CKTaX7KsOls.mp4,0
./train/34ePtFljMAA.mp4,0
./train/6oVWO-dJBbo.mp4,0
./train/7kN-eACn79Y.mp4,0
./train/Atj5mXB8gvo.mp4,0
./train/9IPVrD3zpZ0.mp4,0
./train/iCepINjKo1s.mp4,0
./train/3S42pD_BoqM.mp4,0
./train/8zr88HLiSRo.mp4,0
./train/FeyyVGnlg1w.mp4,0
./train/WGjYvDY7Qd0.mp4,0
./train/bxX2FkIytmM.mp4,0
./train/GwNgPBJ4GEg.mp4,0
./train/Rp9h4YEV6Rk.mp4,0
./train/8qyAHZwlgX8.mp4,0
./train/JOqNBF_GjkM.mp4,0
./train/izOBdqqpX98.mp4,0
./train/cOq6EiwCKl0.mp4,0
./train/5b-orAw0Nm8.mp4,0
./train/AmfeL8-MSOc.mp4,0
./train/hXkc7xLzwjY.mp4,0
./train/441oh_MOb3Q.mp4,0
./train/mHAK9KbsZIQ.mp4,0
./train/NjJjm78TyGw.mp4,0
./train/L9R-z41kJb0.mp4,0
./train/BCsBfoUIqUg.mp4,0
./train/omajn7InyjE.mp4,0
./train/KZhb-2V5aBo.mp4,0
./train/Gk-_woFwh5A.mp4,0
./train/D-jStOgXrK8.mp4,0
./train/9I3FrK7anyg.mp4,0
./train/J2vNRJ2HZ3g.mp4,0
./train/Ia0hYdi-2Hc.mp4,0
./train/ZCJyErOdHec.mp4,0
./train/XxuqTtFMTY4.mp4,0
./train/IOVSVq2l2OE.mp4,0
./train/OeqRe5sQTUY.mp4,0
./train/e580uxvdamE.mp4,0
./train/k0jJL_YFyIU.mp4,0
./train/iwdSBHKWrVI.mp4,0
./train/XT6Y0D-u0mA.mp4,0
./train/5t1j1znirWM.mp4,0
./train/YLWqqDVWsXo.mp4,0
./train/kQyCp9zOBk4.mp4,0
./train/WwuE7Ca_hOY.mp4,0
./train/GRv21C9fgb0.mp4,0
./train/6PA2wN15dW4.mp4,0
./train/RFf6P_Micm4.mp4,0
./train/JIqyY2nN48o.mp4,0
./train/LhXr_suZZa0.mp4,0
./train/zeEcNj73QkQ.mp4,0
./train/eEEwe2Uk2bo.mp4,0
./train/sYqlXCC0Sx8.mp4,0
./train/MvGsw-a80FU.mp4,0
./train/AbF_L-DFkFI.mp4,0
./train/zWsRaHn776M.mp4,0
./train/mo5QmjPAv3o.mp4,0
./train/XS--OfDpPnE.mp4,0
./train/r-1fDpp80Hs.mp4,0
./train/q5v3mN-ctH8.mp4,0
./train/n6-USQmdkyc.mp4,0
./train/LUAGNeKpzBE.mp4,0
./train/h5gNSHcoVmQ.mp4,0
./train/p3CCdW-pScI.mp4,0
./train/Z3v7r8AguJA.mp4,0
./train/7DvceKw_sWc.mp4,0
./train/lY-dQrapYOg.mp4,0
./train/u30ezIL56g8.mp4,0
./train/J-OsiJtukJc.mp4,0
./train/88KM7poMYCo.mp4,0
./train/F9HcLxl4XOg.mp4,0
./train/6MqpV3yJY7Y.mp4,0
./train/W6eKrR9075Y.mp4,0
./train/sWwiSQURvms.mp4,0
./train/CRIPSbVsroY.mp4,0
./train/eZ3Ssxe8vsw.mp4,0
./train/pFByTlzYFAM.mp4,0
./train/tI6ZINZoZ2w.mp4,0
./train/nBoPm_ZJPDc.mp4,0
./train/tscgWCBbeao.mp4,0
./train/AkgD7PoW43g.mp4,0
./train/Z6BmQU9ZwlY.mp4,0
./train/m9jTfMVCInY.mp4,0
./train/ZeSNF-R8M1I.mp4,0
./train/oqn7Eze1vn8.mp4,0
./train/5G8sOPQ94t0.mp4,0
./train/D7hcduibfxo.mp4,0
./train/QuOdMf_vEgA.mp4,0
./train/kSJHTgN9Z1s.mp4,0
./train/TLw64MCra3U.mp4,0
./train/liII_ikKCIo.mp4,0
./train/yyaEuBNhpqY.mp4,0
./train/CQ-qQIKWYBw.mp4,0
./train/rs3vQ49mfrY.mp4,0
./train/T-9nFXNAE2I.mp4,0
./train/yJp5bEEO8uo.mp4,0
./train/1qZORdDEc3Q.mp4,0
